id	name	code
1	Aruba	AW
2	Afghanistan	AF
3	Angola	AO
4	Anguilla	AI
5	Åland Islands	AX
6	Albania	AL
7	Andorra	AD
8	United Arab Emirates	AE
9	Argentina	AR
10	Armenia	AM
11	American Samoa	AS
12	Antarctica	AQ
13	French Southern Territories	TF
14	Antigua and Barbuda	AG
15	Australia	AU
16	Austria	AT
17	Azerbaijan	AZ
18	Burundi	BI
19	Belgium	BE
20	Benin	BJ
21	Bonaire Sint Eustatius and Saba	BQ
22	Burkina Faso	BF
23	Bangladesh	BD
24	Bulgaria	BG
25	Bahrain	BH
26	Bahamas	BS
27	Bosnia and Herzegovina	BA
28	Saint Barthélemy	BL
29	Belarus	BY
30	Belize	BZ
31	Bermuda	BM
32	Bolivia Plurinational State of	BO
33	Brazil	BR
34	Barbados	BB
35	Brunei Darussalam	BN
36	Bhutan	BT
37	Bouvet Island	BV
38	Botswana	BW
39	Central African Republic	CF
40	Canada	CA
41	Cocos (Keeling) Islands	CC
42	Switzerland	CH
43	Chile	CL
44	China	CN
45	Côte d'Ivoire	CI
46	Cameroon	CM
47	Congo The Democratic Republic of the	CD
48	Congo	CG
49	Cook Islands	CK
50	Colombia	CO
51	Comoros	KM
52	Cabo Verde	CV
53	Costa Rica	CR
54	Cuba	CU
55	Curaçao	CW
56	Christmas Island	CX
57	Cayman Islands	KY
58	Cyprus	CY
59	Czechia	CZ
60	Germany	DE
61	Djibouti	DJ
62	Dominica	DM
63	Denmark	DK
64	Dominican Republic	DO
65	Algeria	DZ
66	Ecuador	EC
67	Egypt	EG
68	Eritrea	ER
69	Western Sahara	EH
70	Spain	ES
71	Estonia	EE
72	Ethiopia	ET
73	Finland	FI
74	Fiji	FJ
75	Falkland Islands (Malvinas)	FK
76	France	FR
77	Faroe Islands	FO
78	Micronesia Federated States of	FM
79	Gabon	GA
80	United Kingdom	GB
81	Georgia	GE
82	Guernsey	GG
83	Ghana	GH
84	Gibraltar	GI
85	Guinea	GN
86	Guadeloupe	GP
87	Gambia	GM
88	Guinea-Bissau	GW
89	Equatorial Guinea	GQ
90	Greece	GR
91	Grenada	GD
92	Greenland	GL
93	Guatemala	GT
94	French Guiana	GF
95	Guam	GU
96	Guyana	GY
97	Hong Kong	HK
98	Heard Island and McDonald Islands	HM
99	Honduras	HN
100	Croatia	HR
101	Haiti	HT
102	Hungary	HU
103	Indonesia	ID
104	Isle of Man	IM
105	India	IN
106	British Indian Ocean Territory	IO
107	Ireland	IE
108	Iran Islamic Republic of	IR
109	Iraq	IQ
110	Iceland	IS
111	Israel	IL
112	Italy	IT
113	Jamaica	JM
114	Jersey	JE
115	Jordan	JO
116	Japan	JP
117	Kazakhstan	KZ
118	Kenya	KE
119	Kyrgyzstan	KG
120	Cambodia	KH
121	Kiribati	KI
122	Saint Kitts and Nevis	KN
123	Korea Republic of	KR
124	Kuwait	KW
125	Lao People's Democratic Republic	LA
126	Lebanon	LB
127	Liberia	LR
128	Libya	LY
129	Saint Lucia	LC
130	Liechtenstein	LI
131	Sri Lanka	LK
132	Lesotho	LS
133	Lithuania	LT
134	Luxembourg	LU
135	Latvia	LV
136	Macao	MO
137	Saint Martin (French part)	MF
138	Morocco	MA
139	Monaco	MC
140	Moldova Republic of	MD
141	Madagascar	MG
142	Maldives	MV
143	Mexico	MX
144	Marshall Islands	MH
145	North Macedonia	MK
146	Mali	ML
147	Malta	MT
148	Myanmar	MM
149	Montenegro	ME
150	Mongolia	MN
151	Northern Mariana Islands	MP
152	Mozambique	MZ
153	Mauritania	MR
154	Montserrat	MS
155	Martinique	MQ
156	Mauritius	MU
157	Malawi	MW
158	Malaysia	MY
159	Mayotte	YT
160	Namibia	NA
161	New Caledonia	NC
162	Niger	NE
163	Norfolk Island	NF
164	Nigeria	NG
165	Nicaragua	NI
166	Niue	NU
167	Netherlands	NL
168	Norway	NO
169	Nepal	NP
170	Nauru	NR
171	New Zealand	NZ
172	Oman	OM
173	Pakistan	PK
174	Panama	PA
175	Pitcairn	PN
176	Peru	PE
177	Philippines	PH
178	Palau	PW
179	Papua New Guinea	PG
180	Poland	PL
181	Puerto Rico	PR
182	Korea Democratic People's Republic of	KP
183	Portugal	PT
184	Paraguay	PY
185	Palestine State of	PS
186	French Polynesia	PF
187	Qatar	QA
188	Réunion	RE
189	Romania	RO
190	Russian Federation	RU
191	Rwanda	RW
192	Saudi Arabia	SA
193	Sudan	SD
194	Senegal	SN
195	Singapore	SG
196	South Georgia and the South Sandwich Islands	GS
197	Saint Helena Ascension and Tristan da Cunha	SH
198	Svalbard and Jan Mayen	SJ
199	Solomon Islands	SB
200	Sierra Leone	SL
201	El Salvador	SV
202	San Marino	SM
203	Somalia	SO
204	Saint Pierre and Miquelon	PM
205	Serbia	RS
206	South Sudan	SS
207	Sao Tome and Principe	ST
208	Suriname	SR
209	Slovakia	SK
210	Slovenia	SI
211	Sweden	SE
212	Eswatini	SZ
213	Sint Maarten (Dutch part)	SX
214	Seychelles	SC
215	Syrian Arab Republic	SY
216	Turks and Caicos Islands	TC
217	Chad	TD
218	Togo	TG
219	Thailand	TH
220	Tajikistan	TJ
221	Tokelau	TK
222	Turkmenistan	TM
223	Timor-Leste	TL
224	Tonga	TO
225	Trinidad and Tobago	TT
226	Tunisia	TN
227	Turkey	TR
228	Tuvalu	TV
229	Taiwan Province of China	TW
230	Tanzania United Republic of	TZ
231	Uganda	UG
232	Ukraine	UA
233	United States Minor Outlying Islands	UM
234	Uruguay	UY
235	United States	US
236	Uzbekistan	UZ
237	Holy See (Vatican City State)	VA
238	Saint Vincent and the Grenadines	VC
239	Venezuela Bolivarian Republic of	VE
240	Virgin Islands British	VG
241	Virgin Islands U.S.	VI
242	Viet Nam	VN
243	Vanuatu	VU
244	Wallis and Futuna	WF
245	Samoa	WS
246	Yemen	YE
247	South Africa	ZA
248	Zambia	ZM
249	Zimbabwe	ZW
